{
  "thresholds": {
    "swing_az_valley_threshold": -0.5849488820943173,
    "swing_intensity_threshold": 1.4840981913883233,
    "swing_rotation_threshold": 374.7401185137068,
    "swing_motion_threshold": 1.5176267161359696,
    "arm_az_peak_threshold": 1.4403451786436725,
    "arm_swing_threshold": 1.8783514634952383,
    "arm_motion_threshold": 1.3167530083047836,
    "turn_left_gyro_threshold": 374.7401185137068,
    "turn_left_axis": "gy",
    "turn_right_gyro_threshold": -375.09269178598436,
    "turn_right_axis": "gy",
    "min_motion_threshold": 1.294985529339831
  },
  "calibration_info": {
    "method": "improved_peak_based",
    "sample_duration": 1.0,
    "samples_per_gesture": 3,
    "rest_duration": 2.0,
    "total_samples": 15
  },
  "raw_features": {
    "neutral": [
      {
        "ax_peak": -8.919687128090253e-06,
        "ay_peak": 0.5296648512945669,
        "az_peak": 0.9840140630141974,
        "ax_valley": -0.44703117921559843,
        "ay_valley": 1.3614352193715246e-05,
        "az_valley": 2.22832061934909e-05,
        "gx_peak": 31.994126073421697,
        "gy_peak": 24.49337352164911,
        "gz_peak": 22.839450033618068,
        "gx_valley": -84.1152681971506,
        "gy_valley": -49.73884513501795,
        "gz_valley": -105.0114085736127,
        "gx_peak_abs": 84.1152681971506,
        "gy_peak_abs": 49.73884513501795,
        "gz_peak_abs": 105.0114085736127,
        "swing_intensity": 0.9839917798080039,
        "rotation_intensity": 105.0114085736127,
        "total_motion": 1.094985529339831,
        "motion_duration": 33.708
      },
      {
        "ax_peak": -8.919687128090253e-06,
        "ay_peak": 0.5296648512945669,
        "az_peak": 0.9840140644854114,
        "ax_valley": -0.44703117921559843,
        "ay_valley": 1.3614352193715246e-05,
        "az_valley": 2.22832061934909e-05,
        "gx_peak": 31.994126073421697,
        "gy_peak": 24.493373521801715,
        "gz_peak": 22.839450033612728,
        "gx_valley": -84.11526819714481,
        "gy_valley": -49.728778702161954,
        "gz_valley": -105.01140728514568,
        "gx_peak_abs": 84.11526819714481,
        "gy_peak_abs": 49.728778702161954,
        "gz_peak_abs": 105.01140728514568,
        "swing_intensity": 0.9839917812792179,
        "rotation_intensity": 105.01140728514568,
        "total_motion": 1.0949855283624759,
        "motion_duration": 27.754
      },
      {
        "ax_peak": -8.919687128090253e-06,
        "ay_peak": 0.5296648512945669,
        "az_peak": 0.9840140660625689,
        "ax_valley": -0.44703117921559843,
        "ay_valley": 1.3614352193715246e-05,
        "az_valley": 2.22832061934909e-05,
        "gx_peak": 31.994126073421697,
        "gy_peak": 24.493373523090607,
        "gz_peak": 22.839450033601594,
        "gx_valley": -84.11526819714186,
        "gy_valley": -49.74484418438949,
        "gz_valley": -105.01134708209615,
        "gx_peak_abs": 84.11526819714186,
        "gy_peak_abs": 49.74484418438949,
        "gz_peak_abs": 105.01134708209615,
        "swing_intensity": 0.9839917828563755,
        "rotation_intensity": 105.01134708209615,
        "total_motion": 1.0949855276238265,
        "motion_duration": 22.754
      }
    ],
    "swing_down": [
      {
        "ax_peak": -8.919687128090253e-06,
        "ay_peak": 0.5816550760943487,
        "az_peak": 0.9840140760576284,
        "ax_valley": -2.1201491930990186,
        "ay_valley": -0.4792673321018611,
        "az_valley": -0.4712847326065721,
        "gx_peak": 390.2489726655949,
        "gy_peak": 535.3430264481526,
        "gz_peak": 125.85040730112246,
        "gx_valley": -344.98086686958845,
        "gy_valley": -112.6155249639738,
        "gz_valley": -528.4792471069009,
        "gx_peak_abs": 390.2489726655949,
        "gy_peak_abs": 535.3430264481526,
        "gz_peak_abs": 528.4792471069009,
        "swing_intensity": 2.1201402734118906,
        "rotation_intensity": 535.3430264481526,
        "total_motion": 2.168038165908528,
        "motion_duration": 16.728
      },
      {
        "ax_peak": -8.919687128090253e-06,
        "ay_peak": 0.5942314952151111,
        "az_peak": 0.9840140727288332,
        "ax_valley": -2.120149193099021,
        "ay_valley": -0.5856710593999221,
        "az_valley": -0.7311861026178965,
        "gx_peak": 390.2489726655949,
        "gy_peak": 535.3430264481526,
        "gz_peak": 261.6503081797056,
        "gx_valley": -450.07680126587024,
        "gy_valley": -318.43027213718324,
        "gz_valley": -528.4792471069009,
        "gx_peak_abs": 450.07680126587024,
        "gy_peak_abs": 535.3430264481526,
        "gz_peak_abs": 528.4792471069009,
        "swing_intensity": 2.120140273411893,
        "rotation_intensity": 535.3430264481526,
        "total_motion": 2.1945883471746392,
        "motion_duration": 12.268
      },
      {
        "ax_peak": -8.919687128090253e-06,
        "ay_peak": 0.5991054208777454,
        "az_peak": 1.0449383844203002,
        "ax_valley": -2.1201491930990324,
        "ay_valley": -0.6147742387242412,
        "az_valley": -0.7311861026178965,
        "gx_peak": 420.1757333438077,
        "gy_peak": 535.3430264481526,
        "gz_peak": 261.65030817970575,
        "gx_valley": -450.07680126587024,
        "gy_valley": -318.43027213718324,
        "gz_valley": -528.4792471069013,
        "gx_peak_abs": 450.07680126587024,
        "gy_peak_abs": 535.3430264481526,
        "gz_peak_abs": 528.4792471069013,
        "swing_intensity": 2.1201402734119044,
        "rotation_intensity": 535.3430264481526,
        "total_motion": 2.1945883471746392,
        "motion_duration": 13.806
      }
    ],
    "arm_up": [
      {
        "ax_peak": 1.0104365793930317,
        "ay_peak": 0.5806565215797866,
        "az_peak": 2.0576359694909607,
        "ax_valley": -2.1201491930990324,
        "ay_valley": -0.6147742387242412,
        "az_valley": -0.7311861026178965,
        "gx_peak": 537.874759400101,
        "gy_peak": 535.3430264481526,
        "gz_peak": 261.65030817970575,
        "gx_valley": -450.07680126587024,
        "gy_valley": -520.3054386313747,
        "gz_valley": -528.4792471069013,
        "gx_peak_abs": 537.874759400101,
        "gy_peak_abs": 535.3430264481526,
        "gz_peak_abs": 528.4792471069013,
        "swing_intensity": 3.130585772492064,
        "rotation_intensity": 537.874759400101,
        "total_motion": 2.1945883471746392,
        "motion_duration": 18.176
      },
      {
        "ax_peak": 1.1616333398388756,
        "ay_peak": 0.5808382338001328,
        "az_peak": 2.0642313543041015,
        "ax_valley": -2.1201491930990186,
        "ay_valley": -0.6147742387242412,
        "az_valley": -1.140498939211913,
        "gx_peak": 537.8747594000998,
        "gy_peak": 535.3430264481526,
        "gz_peak": 261.6503081797056,
        "gx_valley": -473.24431210364594,
        "gy_valley": -535.8467025514062,
        "gz_valley": -528.4792471069009,
        "gx_peak_abs": 537.8747594000998,
        "gy_peak_abs": 535.8467025514062,
        "gz_peak_abs": 528.4792471069009,
        "swing_intensity": 3.2817825329378945,
        "rotation_intensity": 537.8747594000998,
        "total_motion": 2.460980242087077,
        "motion_duration": 22.142
      },
      {
        "ax_peak": 1.1616333398388756,
        "ay_peak": 0.5834534591524887,
        "az_peak": 2.0681536864071073,
        "ax_valley": -2.1201491930990186,
        "ay_valley": -0.6147742387242412,
        "az_valley": -1.3642759854444257,
        "gx_peak": 537.8747594000998,
        "gy_peak": 535.3430264481526,
        "gz_peak": 261.6503081797056,
        "gx_valley": -475.40349143266405,
        "gy_valley": -535.8467025514062,
        "gz_valley": -528.4792471069009,
        "gx_peak_abs": 537.8747594000998,
        "gy_peak_abs": 535.8467025514062,
        "gz_peak_abs": 528.4792471069009,
        "swing_intensity": 3.432429671851533,
        "rotation_intensity": 537.8747594000998,