{
  "thresholds": {
    "min_motion_mag": 0.38056906994244366,
    "swing_neg_az_mean": 0.47210540387561495,
    "swing_pitch_rms": 11.770990464877293,
    "arm_up_az_mean": 0.07664139494840162
  },
  "neutral": {
    "gravity_vec": [
      0.0957256155375,
      -0.8620446834187502,
      0.482234788425
    ],
    "gyro_bias": [
      1.2157641999999997,
      -0.318953075,
      -0.9735689249999999
    ]
  },
  "basis": {
    "B_columns": [
      [
        0.9953368777312576,
        0.0,
        -0.096459824943076
      ],
      [
        0.0841830107098292,
        -0.488210081516437,
        0.8686565115176239
      ],
      [
        -0.047092659045974226,
        -0.8727261393505492,
        -0.4859334986956995
      ]
    ]
  }
}