{
  "thresholds": {
    "min_motion_mag": 0.32115905099602277,
    "reach_ax_mean": 0.3886741413773031,
    "reach_ax_rms": 0.20179187155032813,
    "swing_neg_az_mean": 0.17282084940190107,
    "swing_pitch_rms": 171.92318253953258,
    "yaw_rot_rms": 165.14583740911644,
    "yaw_dom_ratio": 1.2,
    "max_ax_mean_for_rotation": 0.2856612905121353,
    "max_az_abs_mean_for_rotation": 0.6435909334137127,
    "max_ax_rms_for_rotation": 0.15
  },
  "neutral": {
    "gravity_vec": [
      -0.09913996180480657,
      0.3927122864263775,
      0.9103951931695194
    ],
    "gyro_bias": [
      1.0600863607058049,
      -0.17786875634111898,
      -3.7464342012084044
    ]
  },
  "basis": {
    "B_columns": [
      [
        0.9806940774989966,
        0.1683443524642369,
        0.09949524285973792
      ],
      [
        0.19418742048758453,
        -0.8983100617029209,
        -0.3941196224074098
      ],
      [
        0.02302976514796563,
        0.40583150449009164,
        -0.9136577137388789
      ]
    ]
  }
}