{
  "thresholds": {
    "swing_az_valley_threshold": -0.00047217259107731495,
    "swing_intensity_threshold": 0.0372370691651576,
    "swing_rotation_threshold": 6.847179808738103,
    "swing_motion_threshold": 0.7394564023231978,
    "arm_az_peak_threshold": 0.03682391814796495,
    "arm_swing_threshold": 0.03191748785584937,
    "arm_motion_threshold": 0.6338197734198838,
    "min_motion_threshold": 1.2563662890331397
  },
  "calibration_info": {
    "method": "improved_peak_based",
    "sample_duration": 1.0,
    "samples_per_gesture": 3,
    "rest_duration": 2.0,
    "total_samples": 12
  },
  "raw_features": {
    "neutral": [
      {
        "ax_peak": -9.94436857414994e-07,
        "ay_peak": -2.8545132916213587e-05,
        "az_peak": 0.052605597354235645,
        "ax_valley": -0.03187582213915824,
        "ay_valley": -1.0554024647190876,
        "az_valley": -0.0005902157388466436,
        "gx_peak_abs": 9.781685441054433,
        "gy_peak_abs": 6.925371874731988,
        "gz_peak_abs": 6.21533008251539,
        "swing_intensity": 0.053195813093082286,
        "rotation_intensity": 9.781685441054433,
        "total_motion": 1.0563662890331398,
        "motion_duration": 0.0
      },
      {
        "ax_peak": -9.94436857414994e-07,
        "ay_peak": -2.8545132916213587e-05,
        "az_peak": 0.052605597354235645,
        "ax_valley": -0.03187582213915824,
        "ay_valley": -1.0554024647190876,
        "az_valley": -0.0005902157388466436,
        "gx_peak_abs": 9.781685441054433,
        "gy_peak_abs": 6.925371874731988,
        "gz_peak_abs": 6.21533008251539,
        "swing_intensity": 0.053195813093082286,
        "rotation_intensity": 9.781685441054433,
        "total_motion": 1.0563662890331398,
        "motion_duration": 0.0
      },
      {
        "ax_peak": -9.94436857414994e-07,
        "ay_peak": -2.8545132916213587e-05,
        "az_peak": 0.052605597354235645,
        "ax_valley": -0.03187582213915824,
        "ay_valley": -1.0554024647190876,
        "az_valley": -0.0005902157388466436,
        "gx_peak_abs": 9.781685441054433,
        "gy_peak_abs": 6.925371874731988,
        "gz_peak_abs": 6.21533008251539,
        "swing_intensity": 0.053195813093082286,
        "rotation_intensity": 9.781685441054433,
        "total_motion": 1.0563662890331398,
        "motion_duration": 0.0
      }
    ],
    "swing_down": [
      {
        "ax_peak": -9.94436857414994e-07,
        "ay_peak": -2.8545132916213587e-05,
        "az_peak": 0.052605597354235645,
        "ax_valley": -0.03187582213915824,
        "ay_valley": -1.0554024647190876,
        "az_valley": -0.0005902157388466436,
        "gx_peak_abs": 9.781685441054433,
        "gy_peak_abs": 6.925371874731988,
        "gz_peak_abs": 6.21533008251539,
        "swing_intensity": 0.053195813093082286,
        "rotation_intensity": 9.781685441054433,
        "total_motion": 1.0563662890331398,
        "motion_duration": 0.0
      },
      {
        "ax_peak": -9.94436857414994e-07,
        "ay_peak": -2.8545132916213587e-05,
        "az_peak": 0.052605597354235645,
        "ax_valley": -0.03187582213915824,
        "ay_valley": -1.0554024647190876,
        "az_valley": -0.0005902157388466436,
        "gx_peak_abs": 9.781685441054433,
        "gy_peak_abs": 6.925371874731988,
        "gz_peak_abs": 6.21533008251539,
        "swing_intensity": 0.053195813093082286,
        "rotation_intensity": 9.781685441054433,
        "total_motion": 1.0563662890331398,
        "motion_duration": 0.0
      },
      {
        "ax_peak": -9.94436857414994e-07,
        "ay_peak": -2.8545132916213587e-05,
        "az_peak": 0.052605597354235645,
        "ax_valley": -0.03187582213915824,
        "ay_valley": -1.0554024647190876,
        "az_valley": -0.0005902157388466436,
        "gx_peak_abs": 9.781685441054433,
        "gy_peak_abs": 6.925371874731988,
        "gz_peak_abs": 6.21533008251539,
        "swing_intensity": 0.053195813093082286,
        "rotation_intensity": 9.781685441054433,
        "total_motion": 1.0563662890331398,
        "motion_duration": 0.0
      }
    ],
    "arm_up": [
      {
        "ax_peak": -9.94436857414994e-07,
        "ay_peak": -2.8545132916213587e-05,
        "az_peak": 0.052605597354235645,
        "ax_valley": -0.03187582213915824,
        "ay_valley": -1.0554024647190876,
        "az_valley": -0.0005902157388466436,
        "gx_peak_abs": 9.781685441054433,
        "gy_peak_abs": 6.925371874731988,
        "gz_peak_abs": 6.21533008251539,
        "swing_intensity": 0.053195813093082286,
        "rotation_intensity": 9.781685441054433,
        "total_motion": 1.0563662890331398,
        "motion_duration": 0.0
      },
      {
        "ax_peak": -9.94436857414994e-07,
        "ay_peak": -2.8545132916213587e-05,
        "az_peak": 0.052605597354235645,
        "ax_valley": -0.03187582213915824,
        "ay_valley": -1.0554024647190876,
        "az_valley": -0.0005902157388466436,
        "gx_peak_abs": 9.781685441054433,
        "gy_peak_abs": 6.925371874731988,
        "gz_peak_abs": 6.21533008251539,
        "swing_intensity": 0.053195813093082286,
        "rotation_intensity": 9.781685441054433,
        "total_motion": 1.0563662890331398,
        "motion_duration": 0.0
      },
      {
        "ax_peak": -9.94436857414994e-07,
        "ay_peak": -2.8545132916213587e-05,
        "az_peak": 0.052605597354235645,
        "ax_valley": -0.03187582213915824,
        "ay_valley": -1.0554024647190876,
        "az_valley": -0.0005902157388466436,
        "gx_peak_abs": 9.781685441054433,
        "gy_peak_abs": 6.925371874731988,
        "gz_peak_abs": 6.21533008251539,
        "swing_intensity": 0.053195813093082286,
        "rotation_intensity": 9.781685441054433,
        "total_motion": 1.0563662890331398,
        "motion_duration": 0.0
      }
    ],
    "reach_forward": [
      {
        "ax_peak": -9.94436857414994e-07,
        "ay_peak": -2.8545132916213587e-05,
        "az_peak": 0.052605597354235645,
        "ax_valley": -0.03187582213915824,
        "ay_valley": -1.0554024647190876,
        "az_valley": -0.0005902157388466436,
        "gx_peak_abs": 9.781685441054433,
        "gy_peak_abs": 6.925371874731988,
        "gz_peak_abs": 6.21533008251539,
        "swing_intensity": 0.053195813093082286,
        "rotation_intensity": 9.781685441054433,
        "total_motion": 1.0563662890331398,
        "motion_duration": 0.0
      },
      {
        "ax_peak": -9.94436857414994e-07,
        "ay_peak": -2.8545132916213587e-05,
        "az_peak": 0.050352429510210225,
        "ax_valley": -0.03144263748992174,
        "ay_valley": -1.0558341530752302,
        "az_valley": -0.000541574278773277,
        "gx_peak_abs": 9.783688438755185,
        "gy_peak_abs": 6.927070372065129,
        "gz_peak_abs": 5.806057352819183,
        "swing_intensity": 0.050894003788983504,
        "rotation_intensity": 9.783688438755185,
        "total_motion": 1.0566915441545734,
        "motion_duration": 0.0
      },
      {
        "ax_peak": -9.94436857414994e-07,
        "ay_peak": -2.8545132916213587e-05,
        "az_peak": 0.052605597354235645,
        "ax_valley": -0.03187582213915824,
        "ay_valley": -1.0554024647190876,
        "az_valley": -0.0005902157388466436,
        "gx_peak_abs": 9.781685441054433,
        "gy_peak_abs": 6.925371874731988,
        "gz_peak_abs": 6.21533008251539,
        "swing_intensity": 0.053195813093082286,
        "rotation_intensity": 9.781685441054433,
        "total_motion": 1.0563662890331398,
        "motion_duration": 0.0
      }
    ]
  }
}