{
  "thresholds": {
    "min_motion_mag": 0.32422553910946444,
    "reach_ax_mean": 0.26452580979950857,
    "reach_ax_rms": 0.1395338971509367,
    "swing_neg_az_mean": 0.13908866315626928,
    "swing_pitch_rms": 125.71365084434368,
    "yaw_rot_rms": 110.04804727795705,
    "yaw_dom_ratio": 1.2,
    "max_ax_mean_for_rotation": 0.24835267999947575,
    "max_az_abs_mean_for_rotation": 0.6927842786154581,
    "max_ax_rms_for_rotation": 0.15
  },
  "neutral": {
    "gravity_vec": [
      -0.17741940687377777,
      0.4116505243353298,
      0.8885049552926789
    ],
    "gyro_bias": [
      -3.186306482218146,
      -2.0568816600366855,
      -4.0061478626046725
    ]
  },
  "basis": {
    "B_columns": [
      [
        0.8986671841752271,
        -0.4007664192425899,
        0.17827946402694064
      ],
      [
        -0.30110751942455866,
        -0.8592038258747533,
        -0.4136460387173033
      ],
      [
        0.31895383965796315,
        0.3180488340014146,
        -0.8928120660867296
      ]
    ]
  }
}