{
  "thresholds": {
    "min_motion_mag": 0.3741561211180458,
    "swing_neg_az_mean": 0.4631334279922324,
    "swing_pitch_rms": 83.56832374178127,
    "arm_up_az_mean": -0.2575073099430932
  },
  "neutral": {
    "gravity_vec": [
      0.13841563076250002,
      0.064080341325,
      0.98069824929375
    ],
    "gyro_bias": [
      11.646279400000001,
      -2.240931,
      -1.4360423000000002
    ]
  },
  "basis": {
    "B_columns": [
      [
        0.9902272605189418,
        1.7347234777417794e-18,
        -0.13946315113626792
      ],
      [
        -0.00909334669969337,
        -0.9978720516442775,
        -0.06456529712606206
      ],
      [
        -0.13916638089334318,
        0.0652025041485417,
        -0.9881201090287709
      ]
    ]
  }
}