{
  "thresholds": {
    "min_motion_mag": 0.3170408263909037,
    "reach_ax_mean": -0.2890875290244578,
    "reach_ax_rms": 0.187655364088603,
    "swing_neg_az_mean": 0.2686363381990786,
    "swing_pitch_rms": 219.9954805192578,
    "yaw_rot_rms": 36.20146609458333,
    "yaw_dom_ratio": 1.2,
    "max_ax_mean_for_rotation": 0.15,
    "max_az_abs_mean_for_rotation": 0.7120317082094734,
    "max_ax_rms_for_rotation": 0.15
  },
  "neutral": {
    "gravity_vec": [
      -0.2537960242235294,
      -0.4220989237323529,
      0.8505532425
    ],
    "gyro_bias": [
      6.596996741176469,
      0.44710902352941206,
      0.6096818823529416
    ]
  },
  "basis": {
    "B_columns": [
      [
        -0.6714932936043431,
        0.6945636476816228,
        0.25822101765980454
      ],
      [
        0.7237897410346527,
        0.5400869948430919,
        0.429458317846933
      ],
      [
        0.1588243224993642,
        0.47527610430207495,
        -0.8653828385379198
      ]
    ]
  }
}