{
  "thresholds": {
    "min_motion_mag": 0.307034861510853,
    "reach_ax_mean": -0.23959047646101003,
    "reach_ax_rms": 0.188928262110881,
    "swing_neg_az_mean": 0.22314101265987799,
    "swing_pitch_rms": 265.48455744269853,
    "yaw_rot_rms": 24.242835109678968,
    "yaw_dom_ratio": 1.2,
    "max_ax_mean_for_rotation": 0.1953379575496308,
    "max_az_abs_mean_for_rotation": 0.6276230303595474,
    "max_ax_rms_for_rotation": 0.15,
    "forearm_rot_rms": 300.45525136694124,
    "forearm_dom_ratio": 2.5319902315640346,
    "forearm_sign_consistency": 0.8535831485992114,
    "arm_up_az_mean": 0.49061440255560457,
    "arm_down_az_mean": 0.33449950544411783
  },
  "neutral": {
    "gravity_vec": [
      -0.15504853890882353,
      -0.5250150277411765,
      0.8209659877058825
    ],
    "gyro_bias": [
      -0.2983240235294121,
      -4.62799894117647,
      -1.5987094117647056
    ]
  },
  "basis": {
    "B_columns": [
      [
        -0.5812365803709801,
        0.7984195594846543,
        0.1571312911877083
      ],
      [
        0.7309208198342846,
        0.4273861527773922,
        0.5320675046827341
      ],
      [
        0.35765736504569073,
        0.4241076295546569,
        -0.8319939457493104
      ]
    ]
  }
}