{
  "thresholds": {
    "min_motion_mag": 0.33406412090196913,
    "reach_ax_mean": 0.013834489091575692,
    "reach_ax_rms": 0.1015128284404765,
    "swing_neg_az_mean": 0.31953723656559,
    "swing_pitch_rms": 222.8463548660206,
    "yaw_rot_rms": 267.88944542820275,
    "yaw_dom_ratio": 1.571000614994519,
    "max_ax_mean_for_rotation": 0.1770052796380986,
    "max_az_abs_mean_for_rotation": 0.6278992084896349,
    "max_ax_rms_for_rotation": 0.15
  },
  "neutral": {
    "gravity_vec": [
      0.2529559131314809,
      -0.34395313810479045,
      0.8944898797116034
    ],
    "gyro_bias": [
      2.177076092981404,
      -0.5313351662867425,
      1.1859894278344332
    ]
  },
  "basis": {
    "B_columns": [
      [
        -0.9668809960501017,
        -0.002876557388093268,
        -0.2552114082355937
      ],
      [
        -0.09437311869809084,
        0.933097434208786,
        0.3470200148954363
      ],
      [
        0.23713888745703318,
        0.3596121545367639,
        -0.9024656471858323
      ]
    ]
  }
}